nombre,marca,precio,moneda,disponibilidad
Conector Mecanico Para Varilla Corrugada Lock 3/8 Tipo 2 Plateado,VAZJCCC,348,MXN,https://schema.org/InStock
Kit 10 Piezas Alcayatas Forjadas Varilla Corrugada 3/8 X6,Vulcano Mexico,210.6,MXN,https://schema.org/InStock
Kit 10 Piezas Alcayatas Forjadas Varilla Corrugada 3/8 X 8,Vulcano Mexico,268,MXN,https://schema.org/InStock
Kit 10 Piezas Alcayatas Forjadas Varilla Corrugada 3/8 X7,Vulcano Mexico,232.2,MXN,https://schema.org/InStock
Conector Mecanico Para Varilla Corrugada Lock 1/2 Tipo 2 Plateado,VAZJCCC,406,MXN,https://schema.org/InStock
Kit 10 Piezas Alcayatas Forjadas Varilla Corrugada 3/8 X 3,Vulcano Mexico,199,MXN,https://schema.org/InStock
Conector Mecánico Para Varilla Corrugada Plateado,VAZJCCC,299,MXN,https://schema.org/InStock
Conector De Termino Para Varilla Corrugada De 1 In (#8) Plateado,VAZJCCC,179,MXN,https://schema.org/InStock
Conector Mecanico Para Varilla Corrugada Lock 3/4 Tipo 2 Plateado,VAZJCCC,580,MXN,https://schema.org/InStock
Conector Mecanico Para Varilla Corrugada De 1 In (#8) Tipo 2 Plateado,VAZJCCC,135,MXN,https://schema.org/InStock
Conector Mecanico Para Varilla Corrugada Lock 5/8 Tipo 2 Plateado,VAZJCCC,429,MXN,https://schema.org/InStock
Máquina Flejadora De Bobinas De Alambre Corrugado Multifunci,Generic,132.36,MXN,https://schema.org/InStock
Alambre De Unión Para Máquinas Atadoras De Barras Refuerzo,Generic,123.33,MXN,https://schema.org/InStock
Herramienta De Cierre Corrugado Apach Cf-15aa Para 3/8 Pulga,Apach,7188.23,MXN,https://schema.org/InStock
Panel De Techo Frp Corrugado 1/3/4/6/8/10 Piezas Negro,kufu01,4962,MXN,https://schema.org/InStock
